{"loss": [NaN, NaN, NaN, NaN], "mean_absolute_error": [NaN, NaN, NaN, NaN], "mean_q": [NaN, NaN, NaN, NaN], "mean_eps": [NaN, NaN, NaN, NaN], "episode_reward": [336.0, 113.0, 241.0, 135.0], "nb_episode_steps": [7671, 2617, 6980, 3886], "nb_steps": [7671, 10288, 17268, 21154], "episode": [0, 1, 2, 3], "duration": [18.176431142999718, 6.201247743000749, 16.336090107000018, 9.06760533600027]}