{"loss": [0.0029768940217498913, 0.006940918655704531, 0.007095096184205799, 0.006531990302926929, 0.006328187082137326, 0.004551853926946374, 0.006995521309069642, 0.0060312900339772185, 0.00452086108336938, 0.006649458083552167, 0.006321879318715514, 0.005541719841621907, 0.005821327813871329, 0.006031560434672024, 0.0053433779377481585, 0.006774709015039464], "mean_absolute_error": [0.42287537525957963, 0.4752109594848178, 0.7180319878649204, 0.8309489774937723, 0.8327863310382574, 0.8328922024139991, 0.8342547226680939, 0.8344613044948901, 0.8343003219452457, 0.8351171069092803, 0.8351733684539795, 0.8349640725494979, 0.8352673426270485, 0.835414531606215, 0.8353817772555661, 0.835947541050289], "mean_q": [0.5137028497035109, 0.583676515916072, 0.8786709314965188, 0.9973124277357962, 0.997939381361997, 0.9982838309728183, 0.9985423626858074, 0.9987437494730546, 0.9988966130692026, 0.9988847446965647, 0.9990437795987, 0.998990535736084, 0.9991862013151771, 0.9992254318462478, 0.9993149045999948, 0.9992943717085797], "mean_eps": [0.9974440000000001, 0.993196, 0.9878499999999999, 0.98263, 0.976456, 0.970948, 0.9656560000000001, 0.9562240000000001, 0.9484299999999998, 0.9443079999999999, 0.9413379999999999, 0.9372340000000006, 0.931726, 0.925102, 0.918442, 0.9136000000000001], "episode_reward": [6.0, 3.0, 10.0, 4.0, 10.0, 5.0, 10.0, 12.0, 4.0, 5.0, 1.0, 7.0, 6.0, 9.0, 7.0, 7.0], "nb_episode_steps": [537, 436, 755, 407, 963, 262, 913, 1182, 552, 364, 296, 614, 609, 865, 617, 460], "nb_steps": [537, 973, 1728, 2135, 3098, 3360, 4273, 5455, 6007, 6371, 6667, 7281, 7890, 8755, 9372, 9832], "episode": [0, 1, 2, 3, 4, 5, 6, 7, 8, 9, 10, 11, 12, 13, 14, 15], "duration": [71.90128311199987, 62.90509009100015, 182.99265214099978, 148.0587811510004, 285.1939715640001, 45.16724076099945, 199.63444482700015, 205.36353044299995, 78.86468604099991, 53.64787687499938, 47.543946787000095, 104.78155713899923, 98.03783062299954, 132.03222301200003, 95.37160457400023, 74.28183516899935]}