{"loss": [0.005585875845637781, 0.0037411130138360403, 0.0022020238193505293], "mean_absolute_error": [0.41869380096999964, 0.4021734008663579, 0.3938269838690758], "mean_q": [0.5864466769354684, 0.5357887638242621, 0.5274516004137695], "mean_eps": [0.09999999999999998, 0.09999999999999981, 0.09999999999999977], "episode_reward": [3.0, 2.0, 3.0], "nb_episode_steps": [498, 379, 515], "nb_steps": [498, 877, 1392], "episode": [0, 1, 2], "duration": [17.706053886000518, 28.612868015999993, 38.97427364000032]}