{"loss": [0.0069810444898134195, 0.005223342775138917, 0.0046023616162983675, 0.005743814086997645, 0.005956651913770546, 0.00364656928246735, 0.00619694141302413, 0.005281309328941126, 0.0055849593155802395, 0.003955125190685144, 0.007884275507044463, 0.009009067611739537, 0.006545636004025605, 0.005831064298864577, 0.0024173506778879528, 0.0060842646519383625, 0.003532108220315422, 0.006992769496092911, 0.006066360471033311, 0.004694299666026023, 0.005422468271594758, 0.005647899919406372, 0.003103525892429851, 0.004332016975986801, 0.0051788264549291595, 0.005555348181447838, 0.004760031422614329, 0.006076018903239322, 0.006924570467769324, 0.006009158493309199, 0.007312518498382129, 0.005018503521055011, 0.006576958058940363, 0.008363323486843332, 0.0058061667119091, 0.007901520076826053, 0.005745514863260074, 0.007530699079161889, 0.005527901094937988, 0.006128387000978708, 0.006633098926786694, 0.004728285505482038, 0.004920784775260307, 0.003009027105015834, 0.006850231362113846, 0.0051517100471369995, 0.006910794919804175, 0.003707518166958748, 0.008240149230429476, 0.00466587884537148, 0.005154064838582902, 0.0059041771917195136, 0.004366295873739709, 0.0046299120425498, 0.006831108935050277, 0.005161786355984077], "mean_absolute_error": [0.5884483797209603, 0.734973007813096, 0.7398796766996384, 0.7421177159994841, 0.7427929305448765, 0.74151897538792, 0.7460959421263801, 0.7487367203361109, 0.7459893470460718, 0.7462055150498735, 0.7486674279536841, 0.7497733450598187, 0.7466739886082135, 0.7403781082895067, 0.7364793382585049, 0.7355904145674272, 0.7411608695983887, 0.7340921427382797, 0.7416542371114095, 0.7428778987942319, 0.7432905999389855, 0.7432292060154241, 0.7398717413514347, 0.7394377726774949, 0.7454455551647005, 0.7461673326981373, 0.7438235405163888, 0.7356909636467223, 0.7386611501375834, 0.7417872376361135, 0.7469269288213629, 0.746546938367512, 0.7442456262452262, 0.7425263645974073, 0.7449472397565842, 0.7463710560943141, 0.7445469856262207, 0.7459887587107145, 0.7405080699920654, 0.7444649170903326, 0.7498614234583718, 0.7478786557912827, 0.7439970983700319, 0.7413523004901025, 0.743401296933492, 0.7466460917935227, 0.7497714108654431, 0.746775419939132, 0.7502558469772339, 0.7502274334430694, 0.7491083095471064, 0.7464790723540566, 0.7432946944848086, 0.7400766538851189, 0.7459741154542336, 0.7476797352234522], "mean_q": [0.8272247633763722, 0.9846202582120895, 0.9920839816331863, 0.9942790977656841, 0.9955191132498951, 0.9961182496764444, 0.9973256587982178, 0.9988748493947481, 0.9985408430749719, 0.9988858065706618, 0.9985322030085437, 0.9981628706057867, 0.9966760690395648, 0.9899852712949117, 0.9839890524744987, 0.9830405676003658, 0.9873835342270988, 0.9808672246385793, 0.9875231638099208, 0.9941775690425526, 0.9940848704930898, 0.9909628193552901, 0.9908516376705493, 0.9885227878888448, 0.995003552663894, 0.9945145753713754, 0.9895515304345351, 0.9837158435866946, 0.9875510967139042, 0.9891784888202861, 0.9942720783384222, 0.9959010222683782, 0.9921567440032959, 0.9889895753426985, 0.9915835157036781, 0.9924396348722053, 0.9928460717201233, 0.9923301996328892, 0.987676739692688, 0.9952375286991156, 0.9971032171022325, 0.994999486539099, 0.9930780353871259, 0.988730868985576, 0.9907894995477464, 0.9958369876399185, 0.9962490286145892, 0.9942706071195149, 0.9958479470676846, 0.9980254769325256, 0.9970814943313598, 0.9934266155416315, 0.9903884530067444, 0.9888082002148484, 0.9928943916009023, 0.9958748751216464], "mean_eps": [0.9990460000000001, 0.997966, 0.9966699999999997, 0.9953740000000001, 0.9940599999999999, 0.9923320000000001, 0.9905319999999999, 0.989038, 0.987562, 0.985924, 0.984124, 0.9825220000000002, 0.9809380000000001, 0.979192, 0.977806, 0.9766359999999998, 0.9754120000000001, 0.973684, 0.971992, 0.970804, 0.9695440000000001, 0.96814, 0.96634, 0.9645759999999999, 0.9631180000000001, 0.96166, 0.960256, 0.9584199999999998, 0.956692, 0.9550359999999999, 0.952948, 0.951094, 0.9496360000000001, 0.948214, 0.9467019999999998, 0.9453879999999999, 0.9441639999999999, 0.942832, 0.94123, 0.9384760000000001, 0.9358660000000001, 0.9344620000000001, 0.933022, 0.9316720000000001, 0.930304, 0.9289000000000001, 0.9272979999999998, 0.9255340000000002, 0.9239679999999999, 0.9222579999999999, 0.9202779999999999, 0.9182080000000001, 0.916516, 0.9152199999999998, 0.9136900000000001, 0.9121059999999999], "episode_reward": [1.0, 0.0, 1.0, 0.0, 1.0, 3.0, 1.0, 0.0, 1.0, 2.0, 2.0, 0.0, 2.0, 1.0, 0.0, 0.0, 0.0, 3.0, 0.0, 0.0, 0.0, 1.0, 3.0, 1.0, 1.0, 1.0, 0.0, 3.0, 0.0, 3.0, 3.0, 1.0, 0.0, 1.0, 0.0, 0.0, 0.0, 1.0, 2.0, 8.0, 1.0, 0.0, 1.0, 0.0, 1.0, 0.0, 2.0, 1.0, 1.0, 2.0, 2.0, 3.0, 1.0, 0.0, 2.0, 0.0], "nb_episode_steps": [163, 127, 160, 130, 161, 222, 181, 149, 177, 188, 213, 142, 208, 182, 128, 131, 139, 247, 130, 132, 147, 165, 238, 155, 166, 156, 156, 253, 133, 237, 226, 186, 139, 176, 160, 131, 141, 155, 201, 411, 168, 145, 176, 125, 178, 134, 221, 168, 180, 202, 240, 219, 158, 131, 208, 143], "nb_steps": [163, 290, 450, 580, 741, 963, 1144, 1293, 1470, 1658, 1871, 2013, 2221, 2403, 2531, 2662, 2801, 3048, 3178, 3310, 3457, 3622, 3860, 4015, 4181, 4337, 4493, 4746, 4879, 5116, 5342, 5528, 5667, 5843, 6003, 6134, 6275, 6430, 6631, 7042, 7210, 7355, 7531, 7656, 7834, 7968, 8189, 8357, 8537, 8739, 8979, 9198, 9356, 9487, 9695, 9838], "episode": [0, 1, 2, 3, 4, 5, 6, 7, 8, 9, 10, 11, 12, 13, 14, 15, 16, 17, 18, 19, 20, 21, 22, 23, 24, 25, 26, 27, 28, 29, 30, 31, 32, 33, 34, 35, 36, 37, 38, 39, 40, 41, 42, 43, 44, 45, 46, 47, 48, 49, 50, 51, 52, 53, 54, 55], "duration": [4.271059116000288, 3.530805287999101, 4.257765338999889, 3.468121728999904, 4.366468944000189, 5.800849932999881, 4.701055474999521, 4.159820527000193, 4.686159773000327, 4.739753173999816, 5.260712336000324, 3.538150566000695, 5.251966517000255, 4.572739498999908, 3.2501434719997633, 3.440798411000287, 3.7507964910000737, 6.542838557999858, 3.4679268379995847, 3.4847419329998957, 3.8206754829998317, 4.325850029000321, 6.445850050999979, 4.067911717000243, 5.143632892999449, 4.759314607000306, 4.473127433000627, 7.648572885000249, 3.9591562090008665, 6.833963225999469, 7.897727075999683, 5.085051993999514, 3.715341222999996, 4.8406071640001755, 5.08364560300015, 3.9807495369996104, 3.9577690260002782, 4.220050807000007, 5.383813870000267, 10.959618513999885, 4.290122006000274, 3.9547306439999375, 4.740045030999681, 3.5572709470006885, 4.985088749999704, 3.6949695969997265, 5.696901711000464, 4.264022901000317, 4.634987661000196, 5.098178536999512, 6.035727036000026, 5.469815580999239, 3.967860361000021, 3.3001449479997973, 5.376917965000757, 3.6457405869996364]}