{"loss": [0.004513324955056423, 0.0028888569012570256, 0.004630772111006675, 0.008347470566301732, 0.007222352224264089, 0.005354875553420617, 0.00478929477303609, 0.005008376078535548], "mean_absolute_error": [0.38076146283457357, 0.430141379651816, 0.5627693053410978, 0.7066540755331516, 0.7406716661320792, 0.7372559992706075, 0.7348541396004813, 0.7271446716040373], "mean_q": [0.5106036778419248, 0.5803612755692523, 0.7609801888465881, 0.9458999149501324, 0.9862985495063994, 0.9855704605579376, 0.9826961755752563, 0.9744064770638943], "mean_eps": [0.9989920000000001, 0.9976059999999999, 0.995896, 0.99415, 0.992638, 0.991378, 0.9901359999999999, 0.9889299999999999], "episode_reward": [1.0, 1.0, 2.0, 1.0, 0.0, 0.0, 0.0, 0.0], "nb_episode_steps": [174, 186, 196, 191, 142, 137, 139, 130], "nb_steps": [174, 360, 556, 747, 889, 1026, 1165, 1295], "episode": [0, 1, 2, 3, 4, 5, 6, 7], "duration": [4.064611652999702, 5.212102136999874, 5.519512035999924, 5.799260695000157, 4.010200343000179, 3.7186635000002752, 3.804239497999788, 3.4960073620000003]}