{"loss": [0.02067236938441856, 0.0189426713571783], "mean_absolute_error": [0.873763982953348, 0.8924086207151413], "mean_q": [0.9904766740258207, 0.9996217325100532], "mean_eps": [0.8156800000000022, 0.4245399999999993], "episode_reward": [179.0, 162.0], "nb_episode_steps": [3794, 5201], "nb_steps": [3794, 8995], "episode": [0, 1], "duration": [266.82087871099975, 390.7751574260001]}